{"stats":{"minecraft:mined":{"minecraft:iron_ore":2,"minecraft:spruce_log":7,"minecraft:andesite":5,"minecraft:oak_fence":1,"minecraft:crafting_table":2,"minecraft:short_grass":2,"minecraft:coal_ore":9,"minecraft:tall_grass":2,"minecraft:copper_ore":1,"minecraft:spruce_leaves":3,"minecraft:stone":34},"minecraft:custom":{"minecraft:time_since_rest":2471,"minecraft:interact_with_furnace":4,"minecraft:sprint_one_cm":51296,"minecraft:damage_taken":415,"minecraft:walk_one_cm":35212,"minecraft:damage_blocked_by_shield":175,"minecraft:mob_kills":7,"minecraft:damage_dealt":1105,"minecraft:swim_one_cm":3030,"minecraft:interact_with_crafting_table":4,"minecraft:fly_one_cm":35252,"minecraft:open_chest":1,"minecraft:play_time":16753,"minecraft:sneak_time":18,"minecraft:walk_under_water_one_cm":5334,"minecraft:jump":267,"minecraft:time_since_death":16753,"minecraft:walk_on_water_one_cm":9359,"minecraft:sleep_in_bed":1,"minecraft:total_world_time":16753,"minecraft:fall_one_cm":8414},"minecraft:used":{"minecraft:wooden_axe":29,"minecraft:stone_pickaxe":48,"minecraft:shield":6,"minecraft:wooden_pickaxe":3,"minecraft:cobblestone":20,"minecraft:sweet_berries":10,"minecraft:crafting_table":3,"minecraft:furnace":1,"minecraft:cooked_porkchop":2,"minecraft:andesite":4,"minecraft:egg":1},"minecraft:picked_up":{"minecraft:crafting_table":2,"minecraft:raw_iron":2,"minecraft:feather":2,"minecraft:chicken":1,"minecraft:sweet_berries":10,"minecraft:andesite":4,"minecraft:oak_fence":1,"minecraft:porkchop":5,"minecraft:spruce_log":7,"minecraft:raw_copper":2,"minecraft:arrow":1,"minecraft:bone":4,"minecraft:rotten_flesh":6,"minecraft:coal":9,"minecraft:cobblestone":32,"minecraft:egg":1},"minecraft:crafted":{"minecraft:cooked_porkchop":5,"minecraft:shield":1,"minecraft:crafting_table":1,"minecraft:stick":12,"minecraft:spruce_planks":28,"minecraft:iron_ingot":2,"minecraft:wooden_pickaxe":1,"minecraft:stone_pickaxe":1,"minecraft:wooden_axe":1,"minecraft:furnace":1,"minecraft:air":0},"minecraft:killed":{"minecraft:skeleton":3,"minecraft:zombie":1,"minecraft:pig":2,"minecraft:chicken":1}},"DataVersion":3953}