{"stats":{"minecraft:mined":{"minecraft:coal_ore":9,"minecraft:spruce_leaves":3,"minecraft:spruce_log":7,"minecraft:stone":3,"minecraft:crafting_table":2},"minecraft:custom":{"minecraft:time_since_rest":4753,"minecraft:play_time":4753,"minecraft:sprint_one_cm":6394,"minecraft:damage_taken":70,"minecraft:walk_one_cm":7956,"minecraft:sneak_time":8,"minecraft:jump":36,"minecraft:time_since_death":4753,"minecraft:total_world_time":4753,"minecraft:fall_one_cm":2725,"minecraft:interact_with_crafting_table":2,"minecraft:fly_one_cm":5724},"minecraft:used":{"minecraft:wooden_axe":3,"minecraft:crafting_table":2,"minecraft:stone_pickaxe":9,"minecraft:wooden_pickaxe":3},"minecraft:picked_up":{"minecraft:crafting_table":2,"minecraft:sweet_berries":10,"minecraft:spruce_log":7,"minecraft:coal":9,"minecraft:cobblestone":3},"minecraft:crafted":{"minecraft:crafting_table":1,"minecraft:spruce_planks":28,"minecraft:stick":12,"minecraft:wooden_pickaxe":1,"minecraft:stone_pickaxe":1,"minecraft:wooden_axe":1}},"DataVersion":3953}