{"stats":{"minecraft:mined":{"minecraft:oak_slab":6,"minecraft:spruce_planks":13,"minecraft:white_bed":1,"minecraft:mossy_cobblestone":1,"minecraft:oak_fence":14,"minecraft:crafting_table":2,"minecraft:short_grass":12,"minecraft:grass_block":6,"minecraft:copper_ore":1,"minecraft:tall_grass":5,"minecraft:cobblestone":9,"minecraft:spruce_leaves":5,"minecraft:oak_planks":3,"minecraft:hay_block":11,"minecraft:iron_ore":2,"minecraft:wheat":7,"minecraft:spruce_log":21,"minecraft:andesite":5,"minecraft:yellow_bed":7,"minecraft:bell":1,"minecraft:coal_ore":9,"minecraft:oak_log":7,"minecraft:oak_fence_gate":1,"minecraft:stone":34,"minecraft:oak_leaves":2},"minecraft:broken":{"minecraft:wooden_axe":1},"minecraft:custom":{"minecraft:interact_with_furnace":4,"minecraft:mob_kills":10,"minecraft:interact_with_crafting_table":15,"minecraft:time_since_death":1632,"minecraft:sleep_in_bed":1,"minecraft:time_since_rest":1661,"minecraft:sprint_one_cm":129112,"minecraft:damage_taken":1213,"minecraft:walk_one_cm":134282,"minecraft:damage_blocked_by_shield":425,"minecraft:drop":5,"minecraft:damage_dealt":2362,"minecraft:swim_one_cm":3030,"minecraft:fly_one_cm":103242,"minecraft:open_chest":1,"minecraft:crouch_one_cm":67,"minecraft:play_time":40753,"minecraft:deaths":3,"minecraft:sneak_time":41,"minecraft:walk_under_water_one_cm":5527,"minecraft:jump":602,"minecraft:walk_on_water_one_cm":10284,"minecraft:total_world_time":40753,"minecraft:fall_one_cm":16203},"minecraft:used":{"minecraft:stone_pickaxe":81,"minecraft:oak_planks":13,"minecraft:wooden_pickaxe":7,"minecraft:spruce_planks":75,"minecraft:shield":18,"minecraft:bell":1,"minecraft:crafting_table":3,"minecraft:white_bed":1,"minecraft:oak_log":4,"minecraft:wooden_axe":40,"minecraft:stone_axe":82,"minecraft:cobblestone":21,"minecraft:sweet_berries":10,"minecraft:furnace":1,"minecraft:cooked_porkchop":5,"minecraft:andesite":4,"minecraft:yellow_bed":7,"minecraft:egg":1},"minecraft:dropped":{"minecraft:wheat_seeds":1,"minecraft:poppy":2,"minecraft:stone_pickaxe":1,"minecraft:bell":1},"minecraft:picked_up":{"minecraft:wheat":3,"minecraft:crafting_table":2,"minecraft:feather":6,"minecraft:chicken":1,"minecraft:andesite":4,"minecraft:wooden_pickaxe":2,"minecraft:oak_log":13,"minecraft:yellow_bed":7,"minecraft:shield":2,"minecraft:string":2,"minecraft:dirt":9,"minecraft:raw_copper":6,"minecraft:bone":18,"minecraft:apple":5,"minecraft:wheat_seeds":19,"minecraft:oak_fence_gate":1,"minecraft:bell":2,"minecraft:spruce_planks":13,"minecraft:stone_pickaxe":3,"minecraft:iron_ingot":5,"minecraft:poppy":2,"minecraft:oak_planks":3,"minecraft:egg":1,"minecraft:oak_slab":6,"minecraft:raw_iron":2,"minecraft:stick":11,"minecraft:cooked_porkchop":1,"minecraft:sweet_berries":10,"minecraft:oak_fence":15,"minecraft:torch":2,"minecraft:porkchop":5,"minecraft:white_bed":1,"minecraft:spruce_log":21,"minecraft:mossy_cobblestone":1,"minecraft:spider_eye":2,"minecraft:arrow":6,"minecraft:rotten_flesh":24,"minecraft:hay_block":11,"minecraft:emerald":8,"minecraft:coal":9,"minecraft:cobblestone":41},"minecraft:crafted":{"minecraft:oak_planks":12,"minecraft:cooked_porkchop":5,"minecraft:crafting_table":1,"minecraft:spruce_planks":84,"minecraft:wooden_pickaxe":1,"minecraft:furnace":1,"minecraft:stone_axe":2,"minecraft:air":0,"minecraft:shield":1,"minecraft:stick":16,"minecraft:iron_ingot":2,"minecraft:iron_pickaxe":1,"minecraft:stone_pickaxe":2,"minecraft:wooden_axe":1},"minecraft:killed_by":{"minecraft:skeleton":1,"minecraft:iron_golem":2},"minecraft:killed":{"minecraft:pig":2,"minecraft:spider":1,"minecraft:iron_golem":1,"minecraft:skeleton":3,"minecraft:zombie":2,"minecraft:chicken":1}},"DataVersion":3953}