{"stats":{"minecraft:mined":{"minecraft:spruce_planks":12,"minecraft:white_bed":1,"minecraft:oak_fence":1,"minecraft:crafting_table":2,"minecraft:short_grass":4,"minecraft:copper_ore":1,"minecraft:tall_grass":3,"minecraft:cobblestone":3,"minecraft:spruce_leaves":3,"minecraft:iron_ore":2,"minecraft:spruce_log":7,"minecraft:andesite":5,"minecraft:yellow_bed":6,"minecraft:coal_ore":9,"minecraft:oak_log":7,"minecraft:stone":34,"minecraft:oak_leaves":2},"minecraft:broken":{"minecraft:wooden_axe":1},"minecraft:custom":{"minecraft:interact_with_furnace":4,"minecraft:mob_kills":8,"minecraft:interact_with_crafting_table":6,"minecraft:time_since_death":6871,"minecraft:sleep_in_bed":1,"minecraft:time_since_rest":6907,"minecraft:sprint_one_cm":114664,"minecraft:damage_taken":993,"minecraft:walk_one_cm":63464,"minecraft:damage_blocked_by_shield":175,"minecraft:drop":4,"minecraft:damage_dealt":1838,"minecraft:swim_one_cm":3030,"minecraft:fly_one_cm":94285,"minecraft:open_chest":1,"minecraft:play_time":28753,"minecraft:deaths":2,"minecraft:sneak_time":30,"minecraft:walk_under_water_one_cm":5354,"minecraft:jump":509,"minecraft:walk_on_water_one_cm":9559,"minecraft:total_world_time":28753,"minecraft:fall_one_cm":15576},"minecraft:used":{"minecraft:stone_pickaxe":73,"minecraft:wooden_pickaxe":7,"minecraft:spruce_planks":18,"minecraft:shield":6,"minecraft:crafting_table":3,"minecraft:oak_log":4,"minecraft:wooden_axe":40,"minecraft:stone_axe":16,"minecraft:cobblestone":21,"minecraft:sweet_berries":10,"minecraft:furnace":1,"minecraft:cooked_porkchop":5,"minecraft:andesite":4,"minecraft:egg":1},"minecraft:dropped":{"minecraft:wheat_seeds":1,"minecraft:poppy":2,"minecraft:stone_pickaxe":1},"minecraft:picked_up":{"minecraft:crafting_table":2,"minecraft:feather":6,"minecraft:chicken":1,"minecraft:andesite":4,"minecraft:wooden_pickaxe":2,"minecraft:oak_log":13,"minecraft:yellow_bed":6,"minecraft:shield":2,"minecraft:raw_copper":6,"minecraft:bone":18,"minecraft:apple":5,"minecraft:wheat_seeds":5,"minecraft:spruce_planks":12,"minecraft:stone_pickaxe":3,"minecraft:iron_ingot":5,"minecraft:poppy":2,"minecraft:egg":1,"minecraft:raw_iron":2,"minecraft:stick":10,"minecraft:cooked_porkchop":1,"minecraft:sweet_berries":10,"minecraft:oak_fence":1,"minecraft:porkchop":5,"minecraft:white_bed":1,"minecraft:spruce_log":7,"minecraft:spider_eye":1,"minecraft:arrow":6,"minecraft:rotten_flesh":16,"minecraft:emerald":8,"minecraft:coal":9,"minecraft:cobblestone":35},"minecraft:crafted":{"minecraft:cooked_porkchop":5,"minecraft:crafting_table":1,"minecraft:spruce_planks":28,"minecraft:wooden_pickaxe":1,"minecraft:furnace":1,"minecraft:stone_axe":1,"minecraft:air":0,"minecraft:shield":1,"minecraft:stick":12,"minecraft:iron_ingot":2,"minecraft:iron_pickaxe":1,"minecraft:stone_pickaxe":1,"minecraft:wooden_axe":1},"minecraft:killed_by":{"minecraft:iron_golem":2},"minecraft:killed":{"minecraft:pig":2,"minecraft:iron_golem":1,"minecraft:skeleton":3,"minecraft:zombie":1,"minecraft:chicken":1}},"DataVersion":3953}