{"stats":{"minecraft:mined":{"minecraft:large_fern":4,"minecraft:spruce_log":18,"minecraft:crafting_table":1,"minecraft:grass_block":16,"minecraft:dirt":5,"minecraft:spruce_leaves":1,"minecraft:stone":20,"minecraft:oak_leaves":7,"minecraft:fern":1},"minecraft:custom":{"minecraft:time_since_rest":3244,"minecraft:sprint_one_cm":50902,"minecraft:damage_taken":300,"minecraft:walk_one_cm":15055,"minecraft:drop":5,"minecraft:damage_dealt":173,"minecraft:interact_with_crafting_table":3,"minecraft:fly_one_cm":44969,"minecraft:crouch_one_cm":500,"minecraft:play_time":22547,"minecraft:deaths":1,"minecraft:sneak_time":417,"minecraft:jump":209,"minecraft:leave_game":1,"minecraft:time_since_death":3032,"minecraft:total_world_time":22547,"minecraft:fall_one_cm":7085},"minecraft:used":{"minecraft:stone_sword":6,"minecraft:stone_pickaxe":8,"minecraft:wooden_pickaxe":12,"minecraft:stone_axe":13,"minecraft:dirt":9},"minecraft:dropped":{"minecraft:cobblestone":5},"minecraft:picked_up":{"minecraft:stick":5,"minecraft:crafting_table":3,"minecraft:wooden_pickaxe":1,"minecraft:spruce_sapling":9,"minecraft:spruce_log":31,"minecraft:dirt":33,"minecraft:stone_sword":1,"minecraft:stone_axe":1,"minecraft:spruce_planks":17,"minecraft:stone_pickaxe":1,"minecraft:oak_sapling":2,"minecraft:cobblestone":29},"minecraft:crafted":{"minecraft:crafting_table":1,"minecraft:spruce_planks":28,"minecraft:stick":8,"minecraft:wooden_pickaxe":1,"minecraft:stone_pickaxe":1,"minecraft:stone_sword":1,"minecraft:stone_axe":1},"minecraft:killed_by":{"minecraft:zombie":1}},"DataVersion":3953}