{"stats":{"minecraft:mined":{"minecraft:crafting_table":3,"minecraft:torch":1,"minecraft:short_grass":11,"minecraft:grass_block":16,"minecraft:chest":1,"minecraft:tall_grass":2,"minecraft:spruce_leaves":1,"minecraft:grindstone":1,"minecraft:diorite":10,"minecraft:wall_torch":6,"minecraft:large_fern":4,"minecraft:hay_block":44,"minecraft:magma_block":2,"minecraft:furnace":1,"minecraft:iron_ore":36,"minecraft:spruce_log":18,"minecraft:andesite":8,"minecraft:coal_ore":26,"minecraft:gravel":10,"minecraft:dirt":5,"minecraft:stone":69,"minecraft:deepslate":62,"minecraft:oak_leaves":7,"minecraft:fern":1},"minecraft:custom":{"minecraft:interact_with_furnace":17,"minecraft:mob_kills":4,"minecraft:interact_with_crafting_table":13,"minecraft:leave_game":1,"minecraft:time_since_death":27032,"minecraft:time_since_rest":27244,"minecraft:sprint_one_cm":102809,"minecraft:damage_taken":865,"minecraft:walk_one_cm":57615,"minecraft:damage_blocked_by_shield":113,"minecraft:drop":16,"minecraft:damage_dealt":1231,"minecraft:swim_one_cm":18539,"minecraft:fly_one_cm":120803,"minecraft:open_chest":1,"minecraft:crouch_one_cm":7213,"minecraft:play_time":46547,"minecraft:deaths":1,"minecraft:sneak_time":4209,"minecraft:walk_under_water_one_cm":3413,"minecraft:jump":618,"minecraft:walk_on_water_one_cm":3289,"minecraft:total_world_time":46547,"minecraft:fall_one_cm":19935},"minecraft:used":{"minecraft:water_bucket":20,"minecraft:diorite":10,"minecraft:stone_sword":17,"minecraft:stone_pickaxe":97,"minecraft:shield":4,"minecraft:wooden_pickaxe":12,"minecraft:iron_sword":9,"minecraft:iron_chestplate":1,"minecraft:torch":12,"minecraft:dirt":17,"minecraft:crafting_table":3,"minecraft:iron_axe":1,"minecraft:bread":14,"minecraft:iron_pickaxe":110,"minecraft:spruce_sapling":4,"minecraft:gravel":14,"minecraft:stone_axe":16,"minecraft:cobblestone":39,"minecraft:furnace":2,"minecraft:andesite":8,"minecraft:bucket":21,"minecraft:iron_leggings":1},"minecraft:dropped":{"minecraft:gravel":1,"minecraft:bread":18,"minecraft:stone_axe":1,"minecraft:wheat_seeds":2,"minecraft:rotten_flesh":1,"minecraft:cobblestone":5,"minecraft:hay_block":8,"minecraft:oak_sapling":1,"minecraft:wooden_pickaxe":1,"minecraft:stone_pickaxe":1,"minecraft:spruce_sapling":1},"minecraft:picked_up":{"minecraft:magma_block":2,"minecraft:crafting_table":5,"minecraft:andesite":8,"minecraft:wooden_pickaxe":1,"minecraft:flint":2,"minecraft:dirt":33,"minecraft:bone":3,"minecraft:wheat_seeds":2,"minecraft:cobbled_deepslate":61,"minecraft:spruce_planks":17,"minecraft:grindstone":1,"minecraft:iron_ingot":3,"minecraft:stone_pickaxe":1,"minecraft:chest":1,"minecraft:iron_boots":1,"minecraft:furnace":1,"minecraft:stick":5,"minecraft:raw_iron":42,"minecraft:torch":7,"minecraft:gravel":24,"minecraft:spruce_sapling":9,"minecraft:diorite":10,"minecraft:spruce_log":31,"minecraft:stone_sword":1,"minecraft:arrow":3,"minecraft:rotten_flesh":1,"minecraft:stone_axe":1,"minecraft:iron_helmet":1,"minecraft:hay_block":52,"minecraft:bread":18,"minecraft:oak_sapling":2,"minecraft:coal":45,"minecraft:cobblestone":80},"minecraft:crafted":{"minecraft:crafting_table":1,"minecraft:spruce_planks":32,"minecraft:wooden_pickaxe":1,"minecraft:iron_sword":1,"minecraft:furnace":2,"minecraft:bucket":1,"minecraft:stone_axe":1,"minecraft:bread":39,"minecraft:air":0,"minecraft:iron_chestplate":1,"minecraft:shield":1,"minecraft:iron_axe":1,"minecraft:stick":12,"minecraft:iron_ingot":25,"minecraft:iron_pickaxe":1,"minecraft:stone_pickaxe":1,"minecraft:stone_sword":1,"minecraft:iron_leggings":1,"minecraft:torch":8,"minecraft:wheat":117},"minecraft:killed":{"minecraft:skeleton":2,"minecraft:zombie":1},"minecraft:killed_by":{"minecraft:zombie":1}},"DataVersion":3953}