{"stats":{"minecraft:crafted":{"minecraft:oak_planks":12,"minecraft:furnace":2,"minecraft:yellow_bed":2,"minecraft:polished_deepslate":52,"minecraft:iron_axe":1,"minecraft:spruce_slab":6,"minecraft:stone_pickaxe":1,"minecraft:stone_hoe":1,"minecraft:wheat":261,"minecraft:crafting_table":2,"minecraft:spruce_planks":196,"minecraft:wooden_pickaxe":1,"minecraft:iron_sword":1,"minecraft:fletching_table":1,"minecraft:bucket":1,"minecraft:stone_axe":1,"minecraft:bread":81,"minecraft:air":0,"minecraft:spruce_trapdoor":8,"minecraft:iron_chestplate":1,"minecraft:diamond_pickaxe":1,"minecraft:shield":1,"minecraft:stick":20,"minecraft:iron_ingot":26,"minecraft:iron_pickaxe":2,"minecraft:stone_sword":1,"minecraft:iron_shovel":1,"minecraft:iron_leggings":1,"minecraft:white_bed":2,"minecraft:torch":16,"minecraft:deepslate_bricks":52,"minecraft:shears":1},"minecraft:used":{"minecraft:stone_sword":17,"minecraft:iron_shovel":109,"minecraft:spruce_slab":6,"minecraft:spruce_planks":175,"minecraft:shield":11,"minecraft:iron_sword":99,"minecraft:stone_hoe":81,"minecraft:iron_chestplate":1,"minecraft:torch":27,"minecraft:dirt":145,"minecraft:carrot":3,"minecraft:iron_axe":117,"minecraft:hay_block":1,"minecraft:furnace":4,"minecraft:cobbled_deepslate":32,"minecraft:iron_leggings":1,"minecraft:water_bucket":26,"minecraft:diorite":10,"minecraft:stone_pickaxe":97,"minecraft:oak_planks":5,"minecraft:wooden_pickaxe":12,"minecraft:composter":4,"minecraft:fletching_table":1,"minecraft:deepslate_bricks":41,"minecraft:crafting_table":8,"minecraft:white_bed":3,"minecraft:shears":12,"minecraft:spruce_log":7,"minecraft:bread":33,"minecraft:iron_pickaxe":273,"minecraft:spruce_trapdoor":7,"minecraft:spruce_sapling":8,"minecraft:gravel":23,"minecraft:stone_axe":16,"minecraft:cobblestone":77,"minecraft:bucket":26,"minecraft:andesite":9,"minecraft:yellow_bed":5},"minecraft:custom":{"minecraft:mob_kills":21,"minecraft:interact_with_crafting_table":32,"minecraft:leave_game":3,"minecraft:time_since_death":85445,"minecraft:sprint_one_cm":243276,"minecraft:walk_one_cm":172382,"minecraft:damage_blocked_by_shield":410,"minecraft:drop":27,"minecraft:talked_to_villager":1,"minecraft:play_time":104960,"minecraft:deaths":1,"minecraft:sneak_time":14166,"minecraft:walk_under_water_one_cm":8672,"minecraft:jump":1551,"minecraft:walk_on_water_one_cm":8727,"minecraft:total_world_time":104960,"minecraft:interact_with_furnace":19,"minecraft:sleep_in_bed":1,"minecraft:time_since_rest":14793,"minecraft:damage_taken":1581,"minecraft:damage_dealt":6539,"minecraft:fly_one_cm":274028,"minecraft:swim_one_cm":23566,"minecraft:open_chest":2,"minecraft:crouch_one_cm":34403,"minecraft:fall_one_cm":44025},"minecraft:broken":{"minecraft:iron_pickaxe":1},"minecraft:dropped":{"minecraft:bread":31,"minecraft:wheat_seeds":7,"minecraft:oak_fence":5,"minecraft:cobblestone":5,"minecraft:spruce_sapling":1,"minecraft:bone":7,"minecraft:gravel":1,"minecraft:stone_axe":1,"minecraft:stone_sword":1,"minecraft:wheat":1,"minecraft:rotten_flesh":11,"minecraft:hay_block":8,"minecraft:oak_sapling":1,"minecraft:spider_eye":1,"minecraft:wooden_pickaxe":1,"minecraft:stone_pickaxe":1},"minecraft:killed_by":{"minecraft:zombie":1},"minecraft:killed":{"minecraft:spider":1,"minecraft:skeleton":5,"minecraft:iron_golem":2,"minecraft:zombie":12},"minecraft:picked_up":{"minecraft:crafting_table":8,"minecraft:wheat":1,"minecraft:yellow_wool":6,"minecraft:wooden_pickaxe":1,"minecraft:brewing_stand":1,"minecraft:cobbled_deepslate":87,"minecraft:spruce_planks":57,"minecraft:poppy":1,"minecraft:spruce_slab":1,"minecraft:sugar_cane":15,"minecraft:chest":1,"minecraft:iron_boots":1,"minecraft:furnace":2,"minecraft:raw_iron":80,"minecraft:stick":15,"minecraft:composter":4,"minecraft:oak_fence":5,"minecraft:torch":13,"minecraft:diorite":10,"minecraft:carrot":3,"minecraft:redstone":29,"minecraft:stone_sword":1,"minecraft:arrow":6,"minecraft:rotten_flesh":11,"minecraft:deepslate_bricks":3,"minecraft:hay_block":52,"minecraft:cobblestone":135,"minecraft:white_wool":6,"minecraft:magma_block":2,"minecraft:andesite":9,"minecraft:flint":2,"minecraft:oak_log":3,"minecraft:yellow_bed":4,"minecraft:dirt":210,"minecraft:bone":7,"minecraft:wheat_seeds":7,"minecraft:stone_pickaxe":1,"minecraft:grindstone":1,"minecraft:iron_ingot":10,"minecraft:oak_planks":6,"minecraft:gravel":24,"minecraft:spruce_sapling":21,"minecraft:white_bed":2,"minecraft:spruce_log":78,"minecraft:spider_eye":1,"minecraft:diamond":15,"minecraft:stone_axe":1,"minecraft:iron_helmet":1,"minecraft:bread":18,"minecraft:oak_sapling":2,"minecraft:coal":122},"minecraft:mined":{"minecraft:spruce_planks":47,"minecraft:white_bed":3,"minecraft:deepslate_diamond_ore":15,"minecraft:brewing_stand":1,"minecraft:grass_block":76,"minecraft:deepslate_bricks":4,"minecraft:spruce_leaves":3,"minecraft:composter":4,"minecraft:large_fern":4,"minecraft:hay_block":45,"minecraft:magma_block":2,"minecraft:furnace":2,"minecraft:carrots":1,"minecraft:iron_ore":73,"minecraft:cobbled_deepslate":14,"minecraft:andesite":8,"minecraft:stone":97,"minecraft:white_wool":6,"minecraft:spruce_slab":1,"minecraft:deepslate_redstone_ore":6,"minecraft:crafting_table":6,"minecraft:torch":2,"minecraft:short_grass":15,"minecraft:chest":1,"minecraft:tall_grass":2,"minecraft:cobblestone":9,"minecraft:grindstone":1,"minecraft:sugar_cane":5,"minecraft:oak_planks":9,"minecraft:diorite":10,"minecraft:wall_torch":11,"minecraft:yellow_wool":6,"minecraft:wheat":1,"minecraft:spruce_log":66,"minecraft:yellow_bed":5,"minecraft:coal_ore":61,"minecraft:gravel":10,"minecraft:dirt":66,"minecraft:oak_leaves":7,"minecraft:deepslate":74,"minecraft:fern":1}},"DataVersion":3953}