{"stats":{"minecraft:crafted":{"minecraft:oak_planks":12,"minecraft:furnace":2,"minecraft:yellow_bed":2,"minecraft:polished_deepslate":52,"minecraft:iron_axe":1,"minecraft:spruce_slab":30,"minecraft:stone_pickaxe":1,"minecraft:stone_hoe":1,"minecraft:wheat":261,"minecraft:crafting_table":2,"minecraft:spruce_planks":208,"minecraft:wooden_pickaxe":1,"minecraft:iron_sword":1,"minecraft:fletching_table":1,"minecraft:bucket":1,"minecraft:stone_axe":1,"minecraft:bread":81,"minecraft:air":0,"minecraft:spruce_trapdoor":8,"minecraft:iron_chestplate":1,"minecraft:diamond_pickaxe":1,"minecraft:shield":1,"minecraft:stick":20,"minecraft:iron_ingot":26,"minecraft:iron_pickaxe":2,"minecraft:stone_sword":1,"minecraft:iron_shovel":1,"minecraft:iron_leggings":1,"minecraft:white_bed":2,"minecraft:composter":3,"minecraft:torch":16,"minecraft:deepslate_bricks":52,"minecraft:shears":1},"minecraft:used":{"minecraft:stone_sword":17,"minecraft:iron_shovel":114,"minecraft:spruce_slab":6,"minecraft:spruce_planks":185,"minecraft:shield":11,"minecraft:iron_sword":108,"minecraft:stone_hoe":103,"minecraft:iron_chestplate":1,"minecraft:torch":27,"minecraft:dirt":150,"minecraft:carrot":3,"minecraft:iron_axe":162,"minecraft:hay_block":1,"minecraft:furnace":4,"minecraft:beetroot_seeds":1,"minecraft:potato":6,"minecraft:cobbled_deepslate":32,"minecraft:iron_leggings":1,"minecraft:water_bucket":27,"minecraft:diorite":10,"minecraft:stone_pickaxe":97,"minecraft:oak_planks":5,"minecraft:wooden_pickaxe":12,"minecraft:composter":6,"minecraft:fletching_table":1,"minecraft:deepslate_bricks":41,"minecraft:crafting_table":8,"minecraft:white_bed":7,"minecraft:shears":12,"minecraft:spruce_log":7,"minecraft:diamond_pickaxe":5,"minecraft:bread":36,"minecraft:iron_pickaxe":273,"minecraft:spruce_trapdoor":7,"minecraft:spruce_sapling":8,"minecraft:gravel":23,"minecraft:stone_axe":16,"minecraft:cobblestone":80,"minecraft:bucket":27,"minecraft:andesite":9,"minecraft:yellow_bed":21},"minecraft:custom":{"minecraft:mob_kills":23,"minecraft:interact_with_crafting_table":33,"minecraft:bell_ring":5,"minecraft:leave_game":3,"minecraft:time_since_death":97445,"minecraft:sprint_one_cm":269410,"minecraft:walk_one_cm":219697,"minecraft:damage_blocked_by_shield":410,"minecraft:drop":34,"minecraft:talked_to_villager":1,"minecraft:play_time":116960,"minecraft:deaths":1,"minecraft:sneak_time":14925,"minecraft:walk_under_water_one_cm":8672,"minecraft:jump":1684,"minecraft:walk_on_water_one_cm":10238,"minecraft:total_world_time":116960,"minecraft:interact_with_furnace":19,"minecraft:sleep_in_bed":2,"minecraft:time_since_rest":7468,"minecraft:damage_taken":1706,"minecraft:damage_dealt":6939,"minecraft:fly_one_cm":280608,"minecraft:swim_one_cm":23566,"minecraft:open_chest":2,"minecraft:crouch_one_cm":36553,"minecraft:fall_one_cm":47081},"minecraft:broken":{"minecraft:iron_pickaxe":1},"minecraft:dropped":{"minecraft:bread":31,"minecraft:wheat_seeds":14,"minecraft:oak_fence":5,"minecraft:cobblestone":5,"minecraft:spruce_sapling":1,"minecraft:bone":7,"minecraft:gravel":1,"minecraft:stone_axe":1,"minecraft:stone_sword":1,"minecraft:cobbled_deepslate":3,"minecraft:wheat":1,"minecraft:rotten_flesh":11,"minecraft:poppy":1,"minecraft:hay_block":8,"minecraft:spruce_trapdoor":1,"minecraft:beetroot_seeds":3,"minecraft:oak_sapling":1,"minecraft:spider_eye":1,"minecraft:spruce_slab":1,"minecraft:wooden_pickaxe":1,"minecraft:stone_pickaxe":1},"minecraft:killed_by":{"minecraft:zombie":1},"minecraft:killed":{"minecraft:spider":1,"minecraft:skeleton":5,"minecraft:iron_golem":2,"minecraft:zombie":14},"minecraft:picked_up":{"minecraft:crafting_table":9,"minecraft:wheat":1,"minecraft:yellow_wool":6,"minecraft:wooden_pickaxe":1,"minecraft:brewing_stand":1,"minecraft:cobbled_deepslate":87,"minecraft:spruce_planks":82,"minecraft:poppy":1,"minecraft:spruce_slab":3,"minecraft:sugar_cane":15,"minecraft:chest":1,"minecraft:iron_boots":1,"minecraft:furnace":2,"minecraft:raw_iron":80,"minecraft:stick":15,"minecraft:composter":4,"minecraft:oak_fence":5,"minecraft:torch":13,"minecraft:diorite":10,"minecraft:carrot":3,"minecraft:redstone":29,"minecraft:stone_sword":1,"minecraft:arrow":6,"minecraft:rotten_flesh":11,"minecraft:beetroot_seeds":4,"minecraft:deepslate_bricks":4,"minecraft:hay_block":52,"minecraft:cobblestone":136,"minecraft:white_wool":6,"minecraft:magma_block":2,"minecraft:andesite":9,"minecraft:potato":6,"minecraft:flint":2,"minecraft:oak_log":3,"minecraft:yellow_bed":19,"minecraft:dirt":215,"minecraft:bone":7,"minecraft:wheat_seeds":17,"minecraft:stone_pickaxe":1,"minecraft:grindstone":1,"minecraft:iron_ingot":10,"minecraft:oak_planks":12,"minecraft:gravel":24,"minecraft:spruce_sapling":21,"minecraft:white_bed":5,"minecraft:spruce_log":78,"minecraft:spider_eye":1,"minecraft:diamond":15,"minecraft:stone_axe":1,"minecraft:iron_helmet":1,"minecraft:bread":18,"minecraft:oak_sapling":2,"minecraft:coal":122},"minecraft:mined":{"minecraft:spruce_planks":80,"minecraft:white_bed":5,"minecraft:deepslate_diamond_ore":15,"minecraft:brewing_stand":1,"minecraft:grass_block":79,"minecraft:deepslate_bricks":6,"minecraft:spruce_leaves":3,"minecraft:composter":4,"minecraft:large_fern":4,"minecraft:hay_block":45,"minecraft:magma_block":2,"minecraft:furnace":2,"minecraft:carrots":10,"minecraft:iron_ore":73,"minecraft:cobbled_deepslate":14,"minecraft:andesite":8,"minecraft:potatoes":12,"minecraft:dirt_path":1,"minecraft:stone":97,"minecraft:white_wool":6,"minecraft:spruce_slab":3,"minecraft:deepslate_redstone_ore":6,"minecraft:dandelion":1,"minecraft:crafting_table":7,"minecraft:torch":2,"minecraft:short_grass":16,"minecraft:chest":1,"minecraft:tall_grass":2,"minecraft:cobblestone":12,"minecraft:grindstone":1,"minecraft:sugar_cane":5,"minecraft:oak_planks":17,"minecraft:diorite":10,"minecraft:wall_torch":11,"minecraft:yellow_wool":6,"minecraft:wheat":12,"minecraft:spruce_log":66,"minecraft:yellow_bed":19,"minecraft:coal_ore":61,"minecraft:beetroots":7,"minecraft:gravel":10,"minecraft:dirt":67,"minecraft:oak_leaves":11,"minecraft:deepslate":74,"minecraft:fern":1}},"DataVersion":3953}