{"stats":{"minecraft:crafted":{"minecraft:oak_planks":12,"minecraft:furnace":2,"minecraft:yellow_bed":2,"minecraft:polished_deepslate":52,"minecraft:iron_axe":1,"minecraft:stone_pickaxe":1,"minecraft:wheat":261,"minecraft:crafting_table":2,"minecraft:spruce_planks":156,"minecraft:wooden_pickaxe":1,"minecraft:iron_sword":1,"minecraft:fletching_table":1,"minecraft:bucket":1,"minecraft:stone_axe":1,"minecraft:bread":81,"minecraft:air":0,"minecraft:spruce_trapdoor":8,"minecraft:iron_chestplate":1,"minecraft:diamond_pickaxe":1,"minecraft:shield":1,"minecraft:stick":20,"minecraft:iron_ingot":26,"minecraft:iron_pickaxe":2,"minecraft:stone_sword":1,"minecraft:iron_shovel":1,"minecraft:iron_leggings":1,"minecraft:white_bed":1,"minecraft:torch":16,"minecraft:deepslate_bricks":52,"minecraft:shears":1},"minecraft:used":{"minecraft:stone_sword":17,"minecraft:iron_shovel":98,"minecraft:spruce_planks":93,"minecraft:shield":11,"minecraft:iron_sword":89,"minecraft:iron_chestplate":1,"minecraft:torch":18,"minecraft:dirt":145,"minecraft:iron_axe":82,"minecraft:hay_block":1,"minecraft:furnace":4,"minecraft:cobbled_deepslate":32,"minecraft:iron_leggings":1,"minecraft:water_bucket":24,"minecraft:diorite":10,"minecraft:stone_pickaxe":97,"minecraft:oak_planks":3,"minecraft:wooden_pickaxe":12,"minecraft:composter":4,"minecraft:fletching_table":1,"minecraft:deepslate_bricks":41,"minecraft:crafting_table":7,"minecraft:white_bed":2,"minecraft:shears":9,"minecraft:spruce_log":7,"minecraft:bread":30,"minecraft:iron_pickaxe":273,"minecraft:spruce_trapdoor":7,"minecraft:spruce_sapling":8,"minecraft:gravel":23,"minecraft:stone_axe":16,"minecraft:cobblestone":77,"minecraft:bucket":25,"minecraft:andesite":9,"minecraft:yellow_bed":2},"minecraft:custom":{"minecraft:mob_kills":20,"minecraft:interact_with_crafting_table":28,"minecraft:leave_game":3,"minecraft:time_since_death":75584,"minecraft:sprint_one_cm":229202,"minecraft:walk_one_cm":143831,"minecraft:damage_blocked_by_shield":410,"minecraft:drop":27,"minecraft:talked_to_villager":1,"minecraft:play_time":95099,"minecraft:deaths":1,"minecraft:sneak_time":12588,"minecraft:walk_under_water_one_cm":7172,"minecraft:jump":1446,"minecraft:walk_on_water_one_cm":7822,"minecraft:total_world_time":95099,"minecraft:interact_with_furnace":19,"minecraft:sleep_in_bed":1,"minecraft:time_since_rest":4932,"minecraft:damage_taken":1431,"minecraft:damage_dealt":5729,"minecraft:fly_one_cm":263661,"minecraft:swim_one_cm":23184,"minecraft:open_chest":2,"minecraft:crouch_one_cm":30308,"minecraft:fall_one_cm":40478},"minecraft:broken":{"minecraft:iron_pickaxe":1},"minecraft:dropped":{"minecraft:bread":31,"minecraft:wheat_seeds":7,"minecraft:oak_fence":5,"minecraft:cobblestone":5,"minecraft:spruce_sapling":1,"minecraft:bone":7,"minecraft:gravel":1,"minecraft:stone_axe":1,"minecraft:stone_sword":1,"minecraft:wheat":1,"minecraft:rotten_flesh":11,"minecraft:hay_block":8,"minecraft:oak_sapling":1,"minecraft:spider_eye":1,"minecraft:stone_pickaxe":1,"minecraft:wooden_pickaxe":1},"minecraft:killed_by":{"minecraft:zombie":1},"minecraft:killed":{"minecraft:spider":1,"minecraft:skeleton":5,"minecraft:iron_golem":1,"minecraft:zombie":12},"minecraft:picked_up":{"minecraft:crafting_table":7,"minecraft:wheat":1,"minecraft:yellow_wool":6,"minecraft:wooden_pickaxe":1,"minecraft:brewing_stand":1,"minecraft:cobbled_deepslate":87,"minecraft:spruce_planks":34,"minecraft:sugar_cane":15,"minecraft:chest":1,"minecraft:iron_boots":1,"minecraft:furnace":2,"minecraft:raw_iron":80,"minecraft:stick":15,"minecraft:composter":4,"minecraft:oak_fence":5,"minecraft:torch":8,"minecraft:diorite":10,"minecraft:carrot":3,"minecraft:redstone":29,"minecraft:stone_sword":1,"minecraft:arrow":6,"minecraft:rotten_flesh":11,"minecraft:deepslate_bricks":3,"minecraft:hay_block":52,"minecraft:cobblestone":135,"minecraft:white_wool":3,"minecraft:magma_block":2,"minecraft:andesite":9,"minecraft:flint":2,"minecraft:oak_log":3,"minecraft:dirt":200,"minecraft:bone":7,"minecraft:wheat_seeds":7,"minecraft:stone_pickaxe":1,"minecraft:grindstone":1,"minecraft:iron_ingot":7,"minecraft:oak_planks":1,"minecraft:gravel":24,"minecraft:spruce_sapling":21,"minecraft:white_bed":1,"minecraft:spruce_log":78,"minecraft:spider_eye":1,"minecraft:diamond":15,"minecraft:stone_axe":1,"minecraft:iron_helmet":1,"minecraft:bread":18,"minecraft:oak_sapling":2,"minecraft:coal":122},"minecraft:mined":{"minecraft:spruce_planks":22,"minecraft:white_bed":1,"minecraft:deepslate_diamond_ore":15,"minecraft:brewing_stand":1,"minecraft:grass_block":66,"minecraft:deepslate_bricks":4,"minecraft:spruce_leaves":3,"minecraft:composter":4,"minecraft:large_fern":4,"minecraft:hay_block":45,"minecraft:magma_block":2,"minecraft:furnace":2,"minecraft:carrots":1,"minecraft:iron_ore":73,"minecraft:cobbled_deepslate":14,"minecraft:andesite":8,"minecraft:stone":97,"minecraft:white_wool":3,"minecraft:deepslate_redstone_ore":6,"minecraft:crafting_table":5,"minecraft:torch":2,"minecraft:short_grass":14,"minecraft:chest":1,"minecraft:tall_grass":2,"minecraft:cobblestone":9,"minecraft:grindstone":1,"minecraft:sugar_cane":5,"minecraft:oak_planks":1,"minecraft:diorite":10,"minecraft:wall_torch":6,"minecraft:yellow_wool":6,"minecraft:wheat":1,"minecraft:spruce_log":66,"minecraft:coal_ore":61,"minecraft:dirt":66,"minecraft:gravel":10,"minecraft:oak_leaves":7,"minecraft:deepslate":74,"minecraft:fern":1}},"DataVersion":3953}