{"stats":{"minecraft:mined":{"minecraft:deepslate_redstone_ore":6,"minecraft:spruce_planks":4,"minecraft:deepslate_diamond_ore":15,"minecraft:brewing_stand":1,"minecraft:crafting_table":4,"minecraft:torch":2,"minecraft:short_grass":14,"minecraft:grass_block":66,"minecraft:chest":1,"minecraft:deepslate_bricks":1,"minecraft:cobblestone":8,"minecraft:tall_grass":2,"minecraft:spruce_leaves":3,"minecraft:grindstone":1,"minecraft:composter":4,"minecraft:sugar_cane":5,"minecraft:diorite":10,"minecraft:wall_torch":6,"minecraft:large_fern":4,"minecraft:hay_block":44,"minecraft:magma_block":2,"minecraft:carrots":1,"minecraft:furnace":2,"minecraft:iron_ore":73,"minecraft:wheat":1,"minecraft:cobbled_deepslate":14,"minecraft:spruce_log":65,"minecraft:andesite":8,"minecraft:coal_ore":61,"minecraft:gravel":10,"minecraft:dirt":65,"minecraft:stone":97,"minecraft:deepslate":74,"minecraft:oak_leaves":7,"minecraft:fern":1},"minecraft:broken":{"minecraft:iron_pickaxe":1},"minecraft:custom":{"minecraft:interact_with_furnace":19,"minecraft:mob_kills":20,"minecraft:interact_with_crafting_table":20,"minecraft:leave_game":1,"minecraft:time_since_death":63032,"minecraft:time_since_rest":63244,"minecraft:sprint_one_cm":213260,"minecraft:damage_taken":1361,"minecraft:walk_one_cm":126982,"minecraft:damage_blocked_by_shield":410,"minecraft:drop":26,"minecraft:damage_dealt":5729,"minecraft:talked_to_villager":1,"minecraft:swim_one_cm":23184,"minecraft:fly_one_cm":237983,"minecraft:open_chest":1,"minecraft:crouch_one_cm":25181,"minecraft:play_time":82547,"minecraft:deaths":1,"minecraft:sneak_time":10748,"minecraft:walk_under_water_one_cm":7172,"minecraft:jump":1329,"minecraft:walk_on_water_one_cm":7809,"minecraft:total_world_time":82547,"minecraft:fall_one_cm":36409},"minecraft:used":{"minecraft:water_bucket":24,"minecraft:diorite":10,"minecraft:stone_sword":17,"minecraft:iron_shovel":98,"minecraft:stone_pickaxe":97,"minecraft:spruce_planks":28,"minecraft:shield":11,"minecraft:wooden_pickaxe":12,"minecraft:iron_sword":89,"minecraft:composter":2,"minecraft:fletching_table":1,"minecraft:deepslate_bricks":34,"minecraft:iron_chestplate":1,"minecraft:torch":18,"minecraft:dirt":144,"minecraft:crafting_table":5,"minecraft:spruce_log":7,"minecraft:iron_axe":61,"minecraft:bread":26,"minecraft:iron_pickaxe":269,"minecraft:spruce_sapling":8,"minecraft:gravel":23,"minecraft:stone_axe":16,"minecraft:cobblestone":77,"minecraft:furnace":4,"minecraft:andesite":9,"minecraft:bucket":24,"minecraft:cobbled_deepslate":32,"minecraft:iron_leggings":1},"minecraft:dropped":{"minecraft:gravel":1,"minecraft:bread":31,"minecraft:stone_axe":1,"minecraft:wheat_seeds":7,"minecraft:stone_sword":1,"minecraft:wheat":1,"minecraft:oak_fence":5,"minecraft:rotten_flesh":11,"minecraft:cobblestone":5,"minecraft:hay_block":8,"minecraft:oak_sapling":1,"minecraft:spider_eye":1,"minecraft:wooden_pickaxe":1,"minecraft:stone_pickaxe":1,"minecraft:bone":6,"minecraft:spruce_sapling":1},"minecraft:picked_up":{"minecraft:magma_block":2,"minecraft:crafting_table":6,"minecraft:wheat":1,"minecraft:andesite":9,"minecraft:wooden_pickaxe":1,"minecraft:flint":2,"minecraft:oak_log":3,"minecraft:brewing_stand":1,"minecraft:dirt":199,"minecraft:bone":6,"minecraft:wheat_seeds":7,"minecraft:cobbled_deepslate":87,"minecraft:spruce_planks":18,"minecraft:grindstone":1,"minecraft:iron_ingot":7,"minecraft:stone_pickaxe":1,"minecraft:sugar_cane":15,"minecraft:chest":1,"minecraft:iron_boots":1,"minecraft:furnace":2,"minecraft:stick":15,"minecraft:raw_iron":80,"minecraft:composter":4,"minecraft:oak_fence":5,"minecraft:torch":8,"minecraft:gravel":24,"minecraft:spruce_sapling":21,"minecraft:diorite":10,"minecraft:carrot":3,"minecraft:spruce_log":78,"minecraft:redstone":29,"minecraft:spider_eye":1,"minecraft:stone_sword":1,"minecraft:arrow":4,"minecraft:rotten_flesh":11,"minecraft:diamond":15,"minecraft:stone_axe":1,"minecraft:iron_helmet":1,"minecraft:hay_block":52,"minecraft:bread":18,"minecraft:oak_sapling":2,"minecraft:coal":122,"minecraft:cobblestone":134},"minecraft:crafted":{"minecraft:crafting_table":1,"minecraft:spruce_planks":76,"minecraft:wooden_pickaxe":1,"minecraft:iron_sword":1,"minecraft:furnace":2,"minecraft:fletching_table":1,"minecraft:bucket":1,"minecraft:stone_axe":1,"minecraft:bread":39,"minecraft:air":0,"minecraft:polished_deepslate":52,"minecraft:iron_chestplate":1,"minecraft:shield":1,"minecraft:iron_axe":1,"minecraft:stick":20,"minecraft:iron_ingot":26,"minecraft:iron_pickaxe":2,"minecraft:stone_pickaxe":1,"minecraft:stone_sword":1,"minecraft:iron_shovel":1,"minecraft:iron_leggings":1,"minecraft:torch":16,"minecraft:deepslate_bricks":52,"minecraft:wheat":117},"minecraft:killed_by":{"minecraft:zombie":1},"minecraft:killed":{"minecraft:spider":1,"minecraft:iron_golem":1,"minecraft:skeleton":5,"minecraft:zombie":12}},"DataVersion":3953}