{"stats":{"minecraft:mined":{"minecraft:crafting_table":2,"minecraft:short_grass":11,"minecraft:grass_block":16,"minecraft:chest":1,"minecraft:tall_grass":2,"minecraft:spruce_leaves":1,"minecraft:grindstone":1,"minecraft:large_fern":4,"minecraft:hay_block":44,"minecraft:iron_ore":21,"minecraft:spruce_log":18,"minecraft:coal_ore":26,"minecraft:dirt":5,"minecraft:stone":48,"minecraft:oak_leaves":7,"minecraft:fern":1},"minecraft:custom":{"minecraft:interact_with_furnace":7,"minecraft:mob_kills":2,"minecraft:interact_with_crafting_table":9,"minecraft:leave_game":1,"minecraft:time_since_death":15032,"minecraft:time_since_rest":15244,"minecraft:sprint_one_cm":81089,"minecraft:damage_taken":634,"minecraft:walk_one_cm":45083,"minecraft:drop":11,"minecraft:damage_dealt":711,"minecraft:swim_one_cm":3853,"minecraft:fly_one_cm":87952,"minecraft:open_chest":1,"minecraft:crouch_one_cm":6342,"minecraft:play_time":34547,"minecraft:deaths":1,"minecraft:sneak_time":2914,"minecraft:walk_under_water_one_cm":2268,"minecraft:jump":402,"minecraft:walk_on_water_one_cm":1547,"minecraft:total_world_time":34547,"minecraft:fall_one_cm":14152},"minecraft:used":{"minecraft:water_bucket":5,"minecraft:stone_sword":17,"minecraft:stone_pickaxe":84,"minecraft:wooden_pickaxe":12,"minecraft:dirt":9,"minecraft:crafting_table":3,"minecraft:bread":10,"minecraft:spruce_sapling":4,"minecraft:stone_axe":16,"minecraft:cobblestone":18,"minecraft:furnace":2,"minecraft:bucket":6},"minecraft:dropped":{"minecraft:bread":18,"minecraft:wheat_seeds":2,"minecraft:cobblestone":5,"minecraft:hay_block":8,"minecraft:oak_sapling":1,"minecraft:spruce_sapling":1},"minecraft:picked_up":{"minecraft:crafting_table":4,"minecraft:wooden_pickaxe":1,"minecraft:flint":1,"minecraft:dirt":33,"minecraft:bone":2,"minecraft:wheat_seeds":2,"minecraft:spruce_planks":17,"minecraft:grindstone":1,"minecraft:iron_ingot":2,"minecraft:stone_pickaxe":1,"minecraft:chest":1,"minecraft:iron_boots":1,"minecraft:stick":5,"minecraft:raw_iron":21,"minecraft:gravel":1,"minecraft:spruce_sapling":9,"minecraft:spruce_log":31,"minecraft:stone_sword":1,"minecraft:arrow":1,"minecraft:stone_axe":1,"minecraft:iron_helmet":1,"minecraft:hay_block":52,"minecraft:bread":18,"minecraft:oak_sapling":2,"minecraft:coal":26,"minecraft:cobblestone":59},"minecraft:crafted":{"minecraft:crafting_table":1,"minecraft:spruce_planks":28,"minecraft:wooden_pickaxe":1,"minecraft:furnace":2,"minecraft:bucket":1,"minecraft:stone_axe":1,"minecraft:bread":39,"minecraft:air":0,"minecraft:stick":8,"minecraft:iron_ingot":6,"minecraft:stone_pickaxe":1,"minecraft:stone_sword":1,"minecraft:wheat":117},"minecraft:killed":{"minecraft:skeleton":1},"minecraft:killed_by":{"minecraft:zombie":1}},"DataVersion":3953}