{"stats":{"minecraft:mined":{"minecraft:spruce_planks":1,"minecraft:deepslate_diamond_ore":2,"minecraft:crafting_table":9,"minecraft:torch":1,"minecraft:granite":1,"minecraft:short_grass":8,"minecraft:grass_block":1,"minecraft:spruce_leaves":4,"minecraft:deepslate_gold_ore":1,"minecraft:diorite":12,"minecraft:wall_torch":1,"minecraft:hay_block":20,"minecraft:furnace":4,"minecraft:iron_ore":49,"minecraft:spruce_log":34,"minecraft:andesite":3,"minecraft:yellow_bed":1,"minecraft:oak_log":6,"minecraft:coal_ore":25,"minecraft:gravel":6,"minecraft:dirt":5,"minecraft:stone":108,"minecraft:oak_leaves":1,"minecraft:deepslate":21},"minecraft:custom":{"minecraft:interact_with_furnace":37,"minecraft:mob_kills":22,"minecraft:interact_with_crafting_table":19,"minecraft:time_since_death":14462,"minecraft:climb_one_cm":978,"minecraft:time_since_rest":14610,"minecraft:sprint_one_cm":189348,"minecraft:damage_taken":1163,"minecraft:walk_one_cm":123866,"minecraft:damage_blocked_by_shield":115,"minecraft:drop":7,"minecraft:damage_dealt":4028,"minecraft:fly_one_cm":109172,"minecraft:open_chest":1,"minecraft:crouch_one_cm":3626,"minecraft:play_time":47359,"minecraft:deaths":1,"minecraft:sneak_time":1740,"minecraft:walk_under_water_one_cm":40,"minecraft:jump":739,"minecraft:walk_on_water_one_cm":1658,"minecraft:total_world_time":47359,"minecraft:fall_one_cm":19908},"minecraft:used":{"minecraft:stone_sword":69,"minecraft:stone_pickaxe":114,"minecraft:spruce_planks":11,"minecraft:shield":5,"minecraft:iron_sword":12,"minecraft:rotten_flesh":3,"minecraft:torch":20,"minecraft:dirt":16,"minecraft:crafting_table":10,"minecraft:bread":13,"minecraft:iron_pickaxe":122,"minecraft:iron_helmet":2,"minecraft:iron_boots":2,"minecraft:stone_axe":46,"minecraft:cobblestone":66,"minecraft:furnace":4,"minecraft:cooked_porkchop":1,"minecraft:bucket":1,"minecraft:iron_leggings":1},"minecraft:dropped":{"minecraft:wheat_seeds":3,"minecraft:azure_bluet":1,"minecraft:andesite":2,"minecraft:oak_sapling":1,"minecraft:spider_eye":1,"minecraft:wooden_pickaxe":1,"minecraft:stone_pickaxe":1},"minecraft:picked_up":{"minecraft:iron_chestplate":1,"minecraft:crafting_table":10,"minecraft:azure_bluet":1,"minecraft:andesite":2,"minecraft:leather":4,"minecraft:wooden_pickaxe":1,"minecraft:potato":13,"minecraft:oak_log":6,"minecraft:yellow_bed":2,"minecraft:string":2,"minecraft:dirt":34,"minecraft:iron_leggings":1,"minecraft:bone":14,"minecraft:apple":6,"minecraft:wheat_seeds":6,"minecraft:gold_nugget":2,"minecraft:cobbled_deepslate":21,"minecraft:raw_gold":1,"minecraft:bucket":1,"minecraft:spruce_planks":129,"minecraft:iron_ingot":12,"minecraft:beef":6,"minecraft:iron_pickaxe":1,"minecraft:iron_sword":1,"minecraft:iron_boots":1,"minecraft:furnace":5,"minecraft:stick":3,"minecraft:raw_iron":73,"minecraft:cooked_porkchop":3,"minecraft:torch":79,"minecraft:gravel":6,"minecraft:porkchop":4,"minecraft:spruce_sapling":14,"minecraft:diorite":18,"minecraft:spruce_log":32,"minecraft:redstone":12,"minecraft:spider_eye":1,"minecraft:stone_sword":1,"minecraft:arrow":14,"minecraft:rotten_flesh":6,"minecraft:diamond":2,"minecraft:stone_axe":1,"minecraft:iron_helmet":1,"minecraft:hay_block":20,"minecraft:bread":40,"minecraft:oak_sapling":1,"minecraft:cobblestone":152,"minecraft:mutton":6,"minecraft:coal":31,"minecraft:white_wool":10},"minecraft:crafted":{"minecraft:oak_planks":24,"minecraft:cooked_porkchop":4,"minecraft:crafting_table":2,"minecraft:spruce_planks":128,"minecraft:wooden_pickaxe":1,"minecraft:iron_helmet":1,"minecraft:iron_sword":1,"minecraft:furnace":1,"minecraft:bucket":1,"minecraft:stone_axe":1,"minecraft:bread":56,"minecraft:air":0,"minecraft:iron_boots":1,"minecraft:iron_chestplate":1,"minecraft:shield":2,"minecraft:stick":32,"minecraft:iron_ingot":37,"minecraft:iron_pickaxe":1,"minecraft:stone_pickaxe":1,"minecraft:stone_sword":1,"minecraft:iron_leggings":1,"minecraft:torch":92,"minecraft:wheat":180},"minecraft:killed":{"minecraft:pig":2,"minecraft:witch":1,"minecraft:spider":1,"minecraft:iron_golem":1,"minecraft:creeper":1,"minecraft:sheep":5,"minecraft:skeleton":5,"minecraft:zombie":5,"minecraft:cow":1}},"DataVersion":3953}