{"stats":{"minecraft:mined":{"minecraft:spruce_planks":6,"minecraft:deepslate_diamond_ore":2,"minecraft:oak_fence":2,"minecraft:crafting_table":9,"minecraft:torch":6,"minecraft:granite":1,"minecraft:short_grass":54,"minecraft:grass_block":6,"minecraft:tall_grass":1,"minecraft:spruce_leaves":4,"minecraft:deepslate_gold_ore":1,"minecraft:oak_planks":3,"minecraft:diorite":12,"minecraft:wall_torch":1,"minecraft:hay_block":20,"minecraft:furnace":5,"minecraft:iron_ore":49,"minecraft:spruce_log":44,"minecraft:andesite":3,"minecraft:fletching_table":1,"minecraft:yellow_bed":1,"minecraft:potatoes":9,"minecraft:oak_log":18,"minecraft:coal_ore":25,"minecraft:dirt_path":14,"minecraft:gravel":6,"minecraft:dirt":5,"minecraft:stone":108,"minecraft:oak_leaves":1,"minecraft:deepslate":21},"minecraft:custom":{"minecraft:interact_with_furnace":48,"minecraft:mob_kills":27,"minecraft:interact_with_crafting_table":21,"minecraft:bell_ring":1,"minecraft:time_since_death":26462,"minecraft:climb_one_cm":1460,"minecraft:time_since_rest":26610,"minecraft:sprint_one_cm":245095,"minecraft:damage_taken":1205,"minecraft:walk_one_cm":168235,"minecraft:damage_blocked_by_shield":145,"minecraft:drop":18,"minecraft:damage_dealt":4918,"minecraft:talked_to_villager":1,"minecraft:fly_one_cm":130759,"minecraft:open_chest":3,"minecraft:crouch_one_cm":3632,"minecraft:play_time":59359,"minecraft:deaths":1,"minecraft:sneak_time":1776,"minecraft:walk_under_water_one_cm":40,"minecraft:jump":860,"minecraft:walk_on_water_one_cm":1841,"minecraft:total_world_time":59359,"minecraft:fall_one_cm":21371},"minecraft:used":{"minecraft:wheat_seeds":8,"minecraft:water_bucket":2,"minecraft:stone_sword":69,"minecraft:iron_shovel":27,"minecraft:stone_pickaxe":114,"minecraft:oak_planks":31,"minecraft:spruce_planks":23,"minecraft:shield":6,"minecraft:iron_sword":30,"minecraft:bell":1,"minecraft:stone_hoe":37,"minecraft:rotten_flesh":3,"minecraft:torch":24,"minecraft:dirt":16,"minecraft:crafting_table":12,"minecraft:bread":15,"minecraft:iron_pickaxe":123,"minecraft:iron_helmet":2,"minecraft:iron_boots":2,"minecraft:stone_axe":80,"minecraft:cobblestone":68,"minecraft:furnace":5,"minecraft:cooked_porkchop":1,"minecraft:bucket":2,"minecraft:bone_meal":17,"minecraft:potato":21,"minecraft:iron_leggings":1},"minecraft:dropped":{"minecraft:gravel":6,"minecraft:wheat_seeds":3,"minecraft:rotten_flesh":4,"minecraft:oak_planks":1,"minecraft:azure_bluet":1,"minecraft:dirt":19,"minecraft:andesite":2,"minecraft:oak_sapling":1,"minecraft:gold_nugget":2,"minecraft:spider_eye":1,"minecraft:wooden_pickaxe":1,"minecraft:stone_pickaxe":1,"minecraft:raw_gold":1,"minecraft:string":3,"minecraft:redstone":6,"minecraft:spruce_sapling":7},"minecraft:picked_up":{"minecraft:iron_chestplate":1,"minecraft:crafting_table":10,"minecraft:azure_bluet":1,"minecraft:andesite":2,"minecraft:leather":5,"minecraft:wooden_pickaxe":1,"minecraft:potato":39,"minecraft:oak_log":15,"minecraft:yellow_bed":2,"minecraft:gunpowder":2,"minecraft:string":4,"minecraft:dirt":49,"minecraft:iron_leggings":1,"minecraft:bone":14,"minecraft:apple":6,"minecraft:bell":1,"minecraft:wheat_seeds":13,"minecraft:gold_nugget":2,"minecraft:cobbled_deepslate":21,"minecraft:raw_gold":1,"minecraft:bucket":1,"minecraft:spruce_planks":134,"minecraft:iron_ingot":12,"minecraft:beef":8,"minecraft:fletching_table":1,"minecraft:iron_pickaxe":1,"minecraft:oak_planks":14,"minecraft:iron_sword":1,"minecraft:iron_boots":1,"minecraft:furnace":6,"minecraft:stick":3,"minecraft:raw_iron":76,"minecraft:cooked_porkchop":3,"minecraft:torch":84,"minecraft:gravel":6,"minecraft:porkchop":4,"minecraft:spruce_sapling":14,"minecraft:diorite":18,"minecraft:spruce_log":42,"minecraft:redstone":18,"minecraft:spider_eye":1,"minecraft:stone_sword":1,"minecraft:arrow":14,"minecraft:rotten_flesh":10,"minecraft:diamond":2,"minecraft:stone_axe":1,"minecraft:iron_helmet":1,"minecraft:hay_block":20,"minecraft:bread":40,"minecraft:oak_sapling":1,"minecraft:cobblestone":152,"minecraft:mutton":6,"minecraft:coal":31,"minecraft:white_wool":10},"minecraft:crafted":{"minecraft:oak_planks":60,"minecraft:cooked_porkchop":4,"minecraft:crafting_table":3,"minecraft:spruce_planks":168,"minecraft:wooden_pickaxe":1,"minecraft:iron_helmet":1,"minecraft:iron_sword":1,"minecraft:furnace":1,"minecraft:bone_meal":21,"minecraft:bucket":1,"minecraft:stone_axe":1,"minecraft:bread":56,"minecraft:air":0,"minecraft:iron_boots":1,"minecraft:iron_chestplate":1,"minecraft:shield":2,"minecraft:stick":68,"minecraft:iron_ingot":48,"minecraft:iron_pickaxe":1,"minecraft:stone_pickaxe":1,"minecraft:stone_sword":1,"minecraft:iron_shovel":1,"minecraft:iron_leggings":1,"minecraft:torch":92,"minecraft:stone_hoe":1,"minecraft:wheat":180},"minecraft:killed":{"minecraft:pig":2,"minecraft:witch":1,"minecraft:spider":1,"minecraft:iron_golem":1,"minecraft:creeper":2,"minecraft:sheep":5,"minecraft:skeleton":6,"minecraft:zombie":7,"minecraft:cow":2}},"DataVersion":3953}