{"stats":{"minecraft:mined":{"minecraft:hay_block":11,"minecraft:spruce_planks":1,"minecraft:furnace":2,"minecraft:iron_ore":14,"minecraft:spruce_log":34,"minecraft:andesite":2,"minecraft:yellow_bed":1,"minecraft:crafting_table":5,"minecraft:short_grass":5,"minecraft:coal_ore":8,"minecraft:spruce_leaves":4,"minecraft:stone":46},"minecraft:custom":{"minecraft:time_since_rest":23359,"minecraft:interact_with_furnace":20,"minecraft:sprint_one_cm":91903,"minecraft:damage_taken":157,"minecraft:walk_one_cm":58121,"minecraft:damage_blocked_by_shield":30,"minecraft:mob_kills":13,"minecraft:damage_dealt":2199,"minecraft:interact_with_crafting_table":10,"minecraft:fly_one_cm":43211,"minecraft:open_chest":1,"minecraft:crouch_one_cm":2174,"minecraft:play_time":23359,"minecraft:sneak_time":1220,"minecraft:walk_under_water_one_cm":40,"minecraft:jump":240,"minecraft:walk_on_water_one_cm":961,"minecraft:time_since_death":23359,"minecraft:climb_one_cm":978,"minecraft:total_world_time":23359,"minecraft:fall_one_cm":3917},"minecraft:used":{"minecraft:stone_sword":47,"minecraft:bread":2,"minecraft:stone_pickaxe":72,"minecraft:spruce_planks":6,"minecraft:shield":1,"minecraft:rotten_flesh":3,"minecraft:stone_axe":34,"minecraft:dirt":4,"minecraft:crafting_table":6,"minecraft:furnace":2,"minecraft:cooked_porkchop":1,"minecraft:iron_leggings":1},"minecraft:picked_up":{"minecraft:raw_iron":15,"minecraft:stick":3,"minecraft:crafting_table":5,"minecraft:andesite":2,"minecraft:leather":2,"minecraft:porkchop":4,"minecraft:spruce_sapling":7,"minecraft:yellow_bed":1,"minecraft:spruce_log":32,"minecraft:dirt":15,"minecraft:bone":2,"minecraft:arrow":2,"minecraft:rotten_flesh":3,"minecraft:wheat_seeds":2,"minecraft:spruce_planks":109,"minecraft:hay_block":11,"minecraft:beef":3,"minecraft:iron_ingot":4,"minecraft:oak_sapling":1,"minecraft:coal":8,"minecraft:mutton":6,"minecraft:white_wool":5,"minecraft:cobblestone":49,"minecraft:furnace":2},"minecraft:crafted":{"minecraft:iron_chestplate":1,"minecraft:cooked_porkchop":4,"minecraft:shield":1,"minecraft:crafting_table":2,"minecraft:spruce_planks":128,"minecraft:stick":12,"minecraft:iron_ingot":15,"minecraft:wooden_pickaxe":1,"minecraft:stone_pickaxe":1,"minecraft:stone_sword":1,"minecraft:iron_leggings":1,"minecraft:furnace":1,"minecraft:torch":16,"minecraft:stone_axe":1,"minecraft:bread":32,"minecraft:air":0,"minecraft:wheat":99},"minecraft:killed":{"minecraft:skeleton":1,"minecraft:sheep":5,"minecraft:zombie":2,"minecraft:pig":2,"minecraft:iron_golem":1,"minecraft:creeper":1,"minecraft:cow":1}},"DataVersion":3953}