{"stats":{"minecraft:mined":{"minecraft:spruce_planks":1,"minecraft:crafting_table":7,"minecraft:short_grass":5,"minecraft:spruce_leaves":4,"minecraft:diorite":6,"minecraft:hay_block":11,"minecraft:furnace":4,"minecraft:iron_ore":47,"minecraft:spruce_log":34,"minecraft:andesite":2,"minecraft:yellow_bed":1,"minecraft:coal_ore":25,"minecraft:dirt":2,"minecraft:stone":56},"minecraft:custom":{"minecraft:interact_with_furnace":36,"minecraft:mob_kills":20,"minecraft:interact_with_crafting_table":15,"minecraft:time_since_death":2462,"minecraft:climb_one_cm":978,"minecraft:time_since_rest":2610,"minecraft:sprint_one_cm":143959,"minecraft:damage_taken":1106,"minecraft:walk_one_cm":95676,"minecraft:damage_blocked_by_shield":115,"minecraft:drop":3,"minecraft:damage_dealt":3619,"minecraft:fly_one_cm":84751,"minecraft:open_chest":1,"minecraft:crouch_one_cm":2533,"minecraft:play_time":35359,"minecraft:deaths":1,"minecraft:sneak_time":1302,"minecraft:walk_under_water_one_cm":40,"minecraft:jump":450,"minecraft:walk_on_water_one_cm":1055,"minecraft:total_world_time":35359,"minecraft:fall_one_cm":17514},"minecraft:used":{"minecraft:stone_sword":69,"minecraft:stone_pickaxe":114,"minecraft:spruce_planks":6,"minecraft:shield":5,"minecraft:iron_sword":8,"minecraft:rotten_flesh":3,"minecraft:torch":15,"minecraft:dirt":4,"minecraft:crafting_table":8,"minecraft:bread":8,"minecraft:iron_pickaxe":26,"minecraft:iron_helmet":1,"minecraft:iron_boots":1,"minecraft:stone_axe":36,"minecraft:furnace":4,"minecraft:cooked_porkchop":1,"minecraft:iron_leggings":1},"minecraft:dropped":{"minecraft:andesite":2,"minecraft:oak_sapling":1,"minecraft:stone_pickaxe":1},"minecraft:picked_up":{"minecraft:crafting_table":7,"minecraft:andesite":2,"minecraft:leather":2,"minecraft:yellow_bed":1,"minecraft:string":1,"minecraft:dirt":17,"minecraft:bone":7,"minecraft:wheat_seeds":2,"minecraft:spruce_planks":124,"minecraft:iron_ingot":4,"minecraft:beef":3,"minecraft:furnace":4,"minecraft:stick":3,"minecraft:raw_iron":59,"minecraft:porkchop":4,"minecraft:spruce_sapling":7,"minecraft:diorite":6,"minecraft:spruce_log":32,"minecraft:redstone":6,"minecraft:spider_eye":1,"minecraft:arrow":6,"minecraft:rotten_flesh":4,"minecraft:hay_block":11,"minecraft:oak_sapling":1,"minecraft:cobblestone":59,"minecraft:mutton":6,"minecraft:coal":31,"minecraft:white_wool":5},"minecraft:crafted":{"minecraft:cooked_porkchop":4,"minecraft:crafting_table":2,"minecraft:spruce_planks":128,"minecraft:wooden_pickaxe":1,"minecraft:iron_helmet":1,"minecraft:iron_sword":1,"minecraft:furnace":1,"minecraft:bucket":1,"minecraft:stone_axe":1,"minecraft:bread":32,"minecraft:air":0,"minecraft:iron_boots":1,"minecraft:iron_chestplate":1,"minecraft:shield":1,"minecraft:stick":32,"minecraft:iron_ingot":37,"minecraft:iron_pickaxe":1,"minecraft:stone_pickaxe":1,"minecraft:stone_sword":1,"minecraft:iron_leggings":1,"minecraft:torch":92,"minecraft:wheat":99},"minecraft:killed":{"minecraft:pig":2,"minecraft:witch":1,"minecraft:spider":1,"minecraft:iron_golem":1,"minecraft:creeper":1,"minecraft:sheep":5,"minecraft:skeleton":5,"minecraft:zombie":3,"minecraft:cow":1}},"DataVersion":3953}