{"stats":{"minecraft:mined":{"minecraft:short_grass":1,"minecraft:spruce_leaves":4,"minecraft:spruce_log":34,"minecraft:stone":30,"minecraft:crafting_table":2},"minecraft:custom":{"minecraft:time_since_rest":11359,"minecraft:crouch_one_cm":1619,"minecraft:play_time":11359,"minecraft:sprint_one_cm":42594,"minecraft:damage_taken":117,"minecraft:walk_one_cm":26038,"minecraft:sneak_time":720,"minecraft:mob_kills":3,"minecraft:jump":112,"minecraft:damage_dealt":689,"minecraft:time_since_death":11359,"minecraft:total_world_time":11359,"minecraft:fall_one_cm":1941,"minecraft:interact_with_crafting_table":4,"minecraft:fly_one_cm":18653},"minecraft:used":{"minecraft:rotten_flesh":3,"minecraft:stone_axe":30,"minecraft:stone_sword":11,"minecraft:crafting_table":3,"minecraft:stone_pickaxe":30},"minecraft:picked_up":{"minecraft:stick":3,"minecraft:crafting_table":2,"minecraft:rotten_flesh":3,"minecraft:spruce_sapling":7,"minecraft:spruce_log":32,"minecraft:dirt":15,"minecraft:cobblestone":33},"minecraft:crafted":{"minecraft:stone_sword":1,"minecraft:stone_axe":1,"minecraft:crafting_table":2,"minecraft:spruce_planks":128,"minecraft:stick":12,"minecraft:wooden_pickaxe":1,"minecraft:stone_pickaxe":1},"minecraft:killed":{"minecraft:zombie":2,"minecraft:creeper":1}},"DataVersion":3953}