{"stats":{"minecraft:mined":{"minecraft:spruce_planks":11,"minecraft:deepslate_diamond_ore":2,"minecraft:granite":1,"minecraft:grass_block":74,"minecraft:spruce_leaves":6,"minecraft:hay_block":20,"minecraft:furnace":5,"minecraft:carrots":1,"minecraft:iron_ore":49,"minecraft:andesite":3,"minecraft:fletching_table":1,"minecraft:potatoes":21,"minecraft:dirt_path":14,"minecraft:stone":108,"minecraft:oak_fence":2,"minecraft:crafting_table":9,"minecraft:torch":6,"minecraft:short_grass":73,"minecraft:tall_grass":1,"minecraft:deepslate_gold_ore":1,"minecraft:oak_planks":3,"minecraft:sugar_cane":2,"minecraft:diorite":12,"minecraft:wall_torch":1,"minecraft:birch_log":7,"minecraft:wheat":9,"minecraft:spruce_log":121,"minecraft:yellow_bed":1,"minecraft:coal_ore":25,"minecraft:oak_log":27,"minecraft:dirt":5,"minecraft:gravel":6,"minecraft:oak_leaves":9,"minecraft:deepslate":21},"minecraft:broken":{"minecraft:stone_axe":1},"minecraft:custom":{"minecraft:mob_kills":27,"minecraft:interact_with_crafting_table":25,"minecraft:bell_ring":43,"minecraft:leave_game":1,"minecraft:time_since_death":45269,"minecraft:climb_one_cm":1460,"minecraft:sprint_one_cm":307602,"minecraft:walk_one_cm":245360,"minecraft:damage_blocked_by_shield":145,"minecraft:drop":22,"minecraft:talked_to_villager":6,"minecraft:play_time":78166,"minecraft:deaths":1,"minecraft:sneak_time":1831,"minecraft:walk_under_water_one_cm":1539,"minecraft:jump":1007,"minecraft:walk_on_water_one_cm":3491,"minecraft:total_world_time":78166,"minecraft:interact_with_furnace":50,"minecraft:time_since_rest":45417,"minecraft:damage_taken":1315,"minecraft:damage_dealt":4918,"minecraft:fly_one_cm":149899,"minecraft:open_chest":4,"minecraft:crouch_one_cm":3806,"minecraft:fall_one_cm":26012},"minecraft:used":{"minecraft:stone_sword":69,"minecraft:iron_shovel":95,"minecraft:spruce_planks":28,"minecraft:chest":2,"minecraft:shield":6,"minecraft:iron_sword":30,"minecraft:bell":1,"minecraft:stone_hoe":102,"minecraft:rotten_flesh":5,"minecraft:torch":24,"minecraft:dirt":17,"minecraft:iron_axe":51,"minecraft:iron_helmet":2,"minecraft:iron_boots":2,"minecraft:furnace":5,"minecraft:potato":73,"minecraft:iron_leggings":1,"minecraft:wheat_seeds":39,"minecraft:water_bucket":11,"minecraft:stone_pickaxe":114,"minecraft:oak_planks":31,"minecraft:sugar_cane":4,"minecraft:crafting_table":12,"minecraft:bread":18,"minecraft:iron_pickaxe":123,"minecraft:stone_axe":134,"minecraft:cobblestone":68,"minecraft:cooked_porkchop":1,"minecraft:bucket":12,"minecraft:bone_meal":39},"minecraft:dropped":{"minecraft:wheat_seeds":3,"minecraft:dirt":89,"minecraft:gold_nugget":2,"minecraft:string":3,"minecraft:spruce_sapling":7,"minecraft:redstone":6,"minecraft:gravel":6,"minecraft:rotten_flesh":6,"minecraft:oak_planks":1,"minecraft:azure_bluet":1,"minecraft:andesite":2,"minecraft:oak_sapling":1,"minecraft:spider_eye":1,"minecraft:stone_pickaxe":1,"minecraft:wooden_pickaxe":1,"minecraft:raw_gold":1},"minecraft:picked_up":{"minecraft:crafting_table":10,"minecraft:iron_chestplate":1,"minecraft:wheat":9,"minecraft:azure_bluet":1,"minecraft:wooden_pickaxe":1,"minecraft:string":4,"minecraft:iron_leggings":1,"minecraft:gold_nugget":2,"minecraft:cobbled_deepslate":21,"minecraft:bucket":1,"minecraft:spruce_planks":141,"minecraft:beef":8,"minecraft:iron_pickaxe":1,"minecraft:sugar_cane":4,"minecraft:iron_boots":1,"minecraft:furnace":6,"minecraft:stick":7,"minecraft:raw_iron":76,"minecraft:torch":84,"minecraft:porkchop":4,"minecraft:diorite":18,"minecraft:carrot":5,"minecraft:redstone":18,"minecraft:stone_sword":1,"minecraft:arrow":14,"minecraft:rotten_flesh":12,"minecraft:hay_block":20,"minecraft:mutton":6,"minecraft:white_wool":10,"minecraft:cobblestone":152,"minecraft:birch_log":7,"minecraft:andesite":2,"minecraft:leather":5,"minecraft:potato":82,"minecraft:oak_log":24,"minecraft:yellow_bed":2,"minecraft:gunpowder":2,"minecraft:dirt":131,"minecraft:bone":20,"minecraft:apple":7,"minecraft:wheat_seeds":44,"minecraft:raw_gold":1,"minecraft:bell":1,"minecraft:iron_ingot":12,"minecraft:fletching_table":1,"minecraft:iron_sword":1,"minecraft:oak_planks":14,"minecraft:cooked_porkchop":3,"minecraft:gravel":6,"minecraft:spruce_sapling":17,"minecraft:spruce_log":120,"minecraft:spider_eye":1,"minecraft:diamond":2,"minecraft:stone_axe":1,"minecraft:iron_helmet":1,"minecraft:bread":40,"minecraft:oak_sapling":2,"minecraft:coal":31},"minecraft:crafted":{"minecraft:oak_planks":96,"minecraft:furnace":1,"minecraft:bone_meal":39,"minecraft:iron_boots":1,"minecraft:iron_axe":1,"minecraft:stone_pickaxe":1,"minecraft:chest":2,"minecraft:stone_hoe":1,"minecraft:wheat":180,"minecraft:cooked_porkchop":4,"minecraft:crafting_table":3,"minecraft:spruce_planks":424,"minecraft:wooden_pickaxe":1,"minecraft:iron_helmet":1,"minecraft:iron_sword":1,"minecraft:bucket":1,"minecraft:birch_planks":28,"minecraft:stone_axe":1,"minecraft:bread":56,"minecraft:air":0,"minecraft:iron_chestplate":1,"minecraft:shield":2,"minecraft:stick":68,"minecraft:iron_ingot":48,"minecraft:iron_pickaxe":1,"minecraft:stone_sword":1,"minecraft:iron_shovel":1,"minecraft:iron_leggings":1,"minecraft:torch":92},"minecraft:killed":{"minecraft:witch":1,"minecraft:spider":1,"minecraft:skeleton":6,"minecraft:pig":2,"minecraft:iron_golem":1,"minecraft:creeper":2,"minecraft:sheep":5,"minecraft:zombie":7,"minecraft:cow":2}},"DataVersion":3953}